문서,개인 고객 현금흐름표
목적,개인 급여·생활비·교육비·세금 이벤트를 앱 업로드용 현금흐름으로 정리
주의,상담 보조용 추정이며 세무·회계 확정 판단이 아닙니다. 세무 전문가 확인 필요

일자(YYYY-MM),정기/일회,항목명,자금주체(개인/법인/개인사업자/혼용),계좌유형,유입/유출,금액(원),세무·회계 성격,반복주기,메모,앱 반영(Y/N)
2026-06,정기,급여,개인,급여통장,유입,18000000,급여,월,세후 기준,Y
2026-06,정기,생활비,개인,개인통장,유출,9000000,생활비,월,카드·이체 평균,Y
2026-09,일회,자녀학자금,개인,CMA,유출,40000000,교육비,일회,해외 송금 여부 확인,Y
2026-11,일회,부동산 양도세 예비,개인,CMA,유출,220000000,양도세,일회,상담용 추정·세무 전문가 확인 필요,Y
2027-05,일회,금융소득 종합소득세 예비,개인,세금 예치 CMA,유출,35000000,income_tax,일회,금융소득 2천만원 초과 여부 확인,Y
