문서,법인 고객 현금흐름표
목적,법인 운영자금·법인세·배당·급여·CAPEX를 앱 업로드용 현금흐름으로 정리
주의,법인 자금 운용은 내부 승인·회계처리·세무 전문가 확인이 필요합니다

일자(YYYY-MM),정기/일회,항목명,자금주체(개인/법인/개인사업자/혼용),계좌유형,유입/유출,금액(원),세무·회계 성격,반복주기,메모,앱 반영(Y/N)
2026-06,정기,매출입금,법인,법인통장,유입,850000000,매출,월,최근 6개월 평균,Y
2026-06,정기,급여지급,법인,법인통장,유출,160000000,인건비,월,원천세 별도 확인,Y
2026-06,정기,운영비,법인,법인통장,유출,220000000,운영비,월,임차료·매입비 포함,Y
2027-03,일회,법인세,법인,법인 MMF,유출,1180000000,corporate_tax,일회,상담용 추정·세무 전문가 확인 필요,Y
2027-04,일회,배당지급,법인,법인통장,유출,600000000,dividend_payment,일회,주총·이사회 결의 확인,Y
