문서,법인-대표 연동형 현금흐름표
목적,법인세·배당 지급·대표 개인 배당 유입·대표 세금 예비금을 중복 없이 정리
주의,법인과 대표 개인 현금흐름은 별도 주체입니다. 배당·가지급·가수는 전문가 확인 필요

일자(YYYY-MM),정기/일회,항목명,자금주체(개인/법인/개인사업자/혼용),계좌유형,유입/유출,금액(원),세무·회계 성격,반복주기,메모,앱 반영(Y/N)
2027-03,일회,법인세 납부 예비,법인,법인 MMF,유출,1180000000,corporate_tax,일회,배당 가능 재원 감소·세무 전문가 확인 필요,Y
2027-04,일회,배당지급,법인,법인통장,유출,600000000,dividend_payment,일회,linkKey=DIV-2027-04,Y
2027-04,일회,대표 배당 유입,개인,개인통장,유입,360000000,dividend_income,일회,지분율 60%·linkKey=DIV-2027-04,Y
2027-05,일회,대표 배당 관련 종합소득세 예비,개인,세금 예치 CMA,유출,90000000,income_tax,일회,상담용 추정·세무 전문가 확인 필요,Y
2027-06,일회,가지급금 정리 검토,혼용,별도 확인,유출,50000000,related_party_loan,일회,법률·세무 확인 전 확정 금지,N
