문서,개인사업자 현금흐름표
목적,사업 매출·사업비용·개인인출·부가세·종합소득세를 앱 업로드용 현금흐름으로 정리
주의,통장 혼용 시 매출 전체를 투자 가능 현금으로 보지 않습니다. 비용처리는 세무 전문가 확인 필요

일자(YYYY-MM),정기/일회,항목명,자금주체(개인/법인/개인사업자/혼용),계좌유형,유입/유출,금액(원),세무·회계 성격,반복주기,메모,앱 반영(Y/N)
2026-06,정기,사업매출,개인사업자,사업자통장,유입,95000000,business_revenue,월,카드+계좌 평균,Y
2026-06,정기,사업비용,개인사업자,사업자통장,유출,38000000,business_expense,월,세무 확정 아님,Y
2026-06,정기,개인인출,혼용,사업자통장,유출,12000000,personal_draw,월,생활비 성격·비용처리 확인 필요,Y
2026-07,일회,부가세 납부 예비,개인사업자,세금 예치 CMA,유출,18000000,vat,일회,세무 전문가 확인 필요,Y
2027-05,일회,종합소득세 예상액,개인사업자,세금 예치 CMA,유출,65000000,income_tax,일회,상담용 추정,Y
